hex_id,label_id,cx,cy,r,g,b,area,deltaE,scale_idx,value,row,col
1,1,41.464965626652564,92.66062929666843,249.0,248.0,247.0,15128,113.19893992436502,5,,0,0
2,12,145.22081609975925,113.89159824680536,249.0,248.0,247.0,16199,113.19893992436502,5,,0,1
3,15,1213.0317116559672,110.21084383943074,0.0,107.0,16.0,12929,0.0,11,530.70856,0,2
4,16,1340.5815580780593,110.19522624786192,0.0,107.0,16.0,12862,0.0,11,530.70856,0,3
5,17,1468.4948301329393,110.2064837129752,0.0,107.0,16.0,12863,0.0,11,530.70856,0,4
6,18,1596.055998143708,110.21780493464306,0.0,107.0,16.0,12929,0.0,11,530.70856,0,5
7,20,1723.603965785381,110.20101088646967,0.0,107.0,16.0,12860,0.0,11,530.70856,0,6
8,21,1851.506414742244,110.20667133193375,0.0,107.0,16.0,12861,0.0,11,530.70856,0,7
9,22,1979.0745610642741,110.21656740660531,0.0,107.0,16.0,12929,0.0,11,530.70856,0,8
10,25,2106.9579240467165,110.20976100239771,0.0,107.0,16.0,12929,0.0,11,530.70856,0,9
11,27,2234.520758824444,110.20307883688385,0.0,107.0,16.0,12862,0.0,11,530.70856,0,10
12,28,2362.0934962493234,110.21552857474286,0.0,107.0,16.0,12931,0.0,11,530.70856,0,11
13,29,2489.97965970611,110.21562258313999,0.0,107.0,16.0,12930,0.0,11,530.70856,0,12
14,31,2617.54533437014,110.20800933125972,0.0,107.0,16.0,12860,0.0,11,530.70856,0,13
15,32,2745.440177252585,110.20671694006064,0.0,107.0,16.0,12863,0.0,11,530.70856,0,14
16,33,3000.3457306679065,110.17333023399969,0.0,107.0,16.0,12906,0.0,11,530.70856,0,15
17,37,3128.4643134815738,110.20253459804074,0.0,107.0,16.0,12862,0.0,11,530.70856,0,16
18,39,3256.0292343387473,110.21484918793503,0.0,107.0,16.0,12930,0.0,11,530.70856,0,17
19,41,3383.57891463225,110.20463380500699,0.0,107.0,16.0,12862,0.0,11,530.70856,0,18
20,42,3511.484761312393,110.2035453273208,0.0,107.0,16.0,12862,0.0,11,530.70856,0,19
21,44,3639.0522041763343,110.21206496519721,0.0,107.0,16.0,12930,0.0,11,530.70856,0,20
22,55,383.04415745108656,220.79699945866523,0.0,107.0,16.0,12931,0.0,11,530.70856,1,0
23,56,510.604152087707,220.80125962211338,0.0,107.0,16.0,12861,0.0,11,530.70856,1,1
24,57,638.8265274555298,220.79327146171693,0.0,107.0,16.0,12930,0.0,11,530.70856,1,2
25,58,1148.9558298400868,220.99487657196087,0.0,107.0,16.0,12882,0.0,11,530.70856,1,3
26,71,2809.1476567349473,220.95592799503413,0.0,107.0,16.0,12888,0.0,11,530.70856,1,4
27,72,2936.832065217391,221.00395962732918,0.0,107.0,16.0,12880,0.0,11,530.70856,1,5
28,78,3703.085647788984,220.94740108611327,0.0,107.0,16.0,12890,0.0,11,530.70856,1,6
29,79,3830.974244293646,220.96306292412092,0.0,107.0,16.0,12968,0.0,11,530.70856,1,7
30,59,1276.957097251421,221.1522230008565,0.0,107.0,16.0,12843,0.0,11,530.70856,2,0
31,60,1404.5196554424433,221.17376664056383,0.0,107.0,16.0,12770,0.0,11,530.70856,2,1
32,61,1532.4033041027246,221.15729721265268,0.0,107.0,16.0,12772,0.0,11,530.70856,2,2
33,62,1659.9725878046881,221.1531033408613,0.0,107.0,16.0,12841,0.0,11,530.70856,2,3
34,63,1787.537509788567,221.17470634299139,0.0,107.0,16.0,12770,0.0,11,530.70856,2,4
35,64,1915.4343979959292,221.15570690465006,0.0,107.0,16.0,12774,0.0,11,530.70856,2,5
36,65,2042.9949380889338,221.16229265633518,0.0,107.0,16.0,12841,0.0,11,530.70856,2,6
37,66,2170.5609240407202,221.17415818324199,0.0,107.0,16.0,12770,0.0,11,530.70856,2,7
38,67,2298.4526736083926,221.15141313708605,0.0,107.0,16.0,12773,0.0,11,530.70856,2,8
39,68,2426.0161968540724,221.15044385609718,0.0,107.0,16.0,12842,0.0,11,530.70856,2,9
40,69,2553.5757575757575,221.15879727507635,0.0,107.0,16.0,12771,0.0,11,530.70856,2,10
41,70,2681.470404008769,221.16324772940808,0.0,107.0,16.0,12772,0.0,11,530.70856,2,11
42,73,3064.48946997573,221.16566194316135,0.0,107.0,16.0,12773,0.0,11,530.70856,2,12
43,74,3192.0510084884354,221.14726267424655,0.0,107.0,16.0,12841,0.0,11,530.70856,2,13
44,75,3319.9498520479674,221.1495872916991,0.0,107.0,16.0,12842,0.0,11,530.70856,2,14
45,76,3447.5086922474547,221.1744714173845,0.0,107.0,16.0,12770,0.0,11,530.70856,2,15
46,77,3575.402051362355,221.1569057312872,0.0,107.0,16.0,12772,0.0,11,530.70856,2,16
47,95,191.203573362209,331.37040761079743,0.0,107.0,16.0,12929,0.0,11,530.70856,3,0
48,96,318.9767044572138,331.57237148625563,0.0,107.0,16.0,12878,0.0,11,530.70856,3,1
49,97,446.9628562529201,331.73695686030214,0.0,107.0,16.0,12842,0.0,11,530.70856,3,2
50,98,574.5327695560254,331.7317359642941,0.0,107.0,16.0,12771,0.0,11,530.70856,3,3
51,99,702.5469225368594,331.53802948747955,0.0,107.0,16.0,12819,0.0,11,530.70856,3,4
52,100,830.0088139786609,331.37830524199785,0.0,107.0,16.0,12934,0.0,11,530.70856,3,5
53,123,957.3523790694609,323.9986819559773,249.0,248.0,247.0,15174,113.19893992436502,5,,3,6
54,101,1085.0182467582888,331.577374019722,0.0,107.0,16.0,12879,0.0,11,530.70856,3,7
55,102,1213.0117592087843,331.74744957557823,0.0,107.0,16.0,12841,0.0,11,530.70856,3,8
56,103,1340.565925461948,331.74044785468215,0.0,107.0,16.0,12772,0.0,11,530.70856,3,9
57,104,1468.466092404072,331.7363351605325,0.0,107.0,16.0,12770,0.0,11,530.70856,3,10
58,105,1596.0322379691636,331.7445102009033,0.0,107.0,16.0,12842,0.0,11,530.70856,3,11
59,106,1723.587756380147,331.74917801784875,0.0,107.0,16.0,12774,0.0,11,530.70856,3,12
60,107,1851.4824966716267,331.7326337222962,0.0,107.0,16.0,12769,0.0,11,530.70856,3,13
61,108,1979.0429906542056,331.73146417445486,0.0,107.0,16.0,12840,0.0,11,530.70856,3,14
62,109,2106.9402741006074,331.7441208534496,0.0,107.0,16.0,12842,0.0,11,530.70856,3,15
63,110,2234.4988253719657,331.72897415818323,0.0,107.0,16.0,12770,0.0,11,530.70856,3,16
64,111,2362.069008489758,331.7371290598956,0.0,107.0,16.0,12839,0.0,11,530.70856,3,17
65,112,2489.9611461496534,331.7414155571128,0.0,107.0,16.0,12843,0.0,11,530.70856,3,18
66,113,2617.5263075477606,331.72956467272155,0.0,107.0,16.0,12772,0.0,11,530.70856,3,19
67,114,2745.415629159815,331.7322057787174,0.0,107.0,16.0,12771,0.0,11,530.70856,3,20
68,115,2872.9766409717354,331.7472553141789,0.0,107.0,16.0,12843,0.0,11,530.70856,3,21
69,116,3000.5434612372746,331.7203602192639,0.0,107.0,16.0,12770,0.0,11,530.70856,3,22
70,117,3128.4430350011744,331.7329105003524,0.0,107.0,16.0,12771,0.0,11,530.70856,3,23
71,118,3256.0069309243827,331.75554863328404,0.0,107.0,16.0,12841,0.0,11,530.70856,3,24
72,119,3383.5646285132702,331.74516558365303,0.0,107.0,16.0,12773,0.0,11,530.70856,3,25
73,120,3511.459984338293,331.7288958496476,0.0,107.0,16.0,12770,0.0,11,530.70856,3,26
74,121,3639.02413766254,331.7467102701861,0.0,107.0,16.0,12843,0.0,11,530.70856,3,27
75,122,3766.9149731371176,331.7496690804329,0.0,107.0,16.0,12843,0.0,11,530.70856,3,28
76,133,3887.2585795558816,327.97283905303726,249.0,248.0,247.0,10898,113.19893992436502,5,,3,29
77,143,127.1332867567148,442.1504424778761,0.0,107.0,16.0,12882,0.0,11,530.70856,4,0
78,153,255.4610806577917,442.32059514487077,0.0,107.0,16.0,12770,0.0,11,530.70856,4,1
79,144,383.02460292743694,442.3131423232638,0.0,107.0,16.0,12844,0.0,11,530.70856,4,2
80,154,510.58123874402946,442.33184558765953,0.0,107.0,16.0,12771,0.0,11,530.70856,4,3
81,155,638.4758809710258,442.3215348472984,0.0,107.0,16.0,12770,0.0,11,530.70856,4,4
82,145,766.0477339978197,442.3111664849712,0.0,107.0,16.0,12842,0.0,11,530.70856,4,5
83,146,894.0422808378588,442.12412723041115,0.0,107.0,16.0,12890,0.0,11,530.70856,4,6
84,147,1021.3974399000937,442.15469871995003,0.0,107.0,16.0,12812,0.0,11,530.70856,4,7
85,148,1149.0640915816525,442.3074526906004,0.0,107.0,16.0,12841,0.0,11,530.70856,4,8
86,156,1276.9489096573209,442.3231308411215,0.0,107.0,16.0,12840,0.0,11,530.70856,4,9
87,157,1404.5193798449613,442.3233106256362,0.0,107.0,16.0,12771,0.0,11,530.70856,4,10
88,158,1532.4092083626967,442.3265993265993,0.0,107.0,16.0,12771,0.0,11,530.70856,4,11
89,159,1659.9714931069398,442.326738842589,0.0,107.0,16.0,12839,0.0,11,530.70856,4,12
90,160,1787.535745047373,442.3233889280401,0.0,107.0,16.0,12771,0.0,11,530.70856,4,13
91,161,1915.433247200689,442.3252681857333,0.0,107.0,16.0,12771,0.0,11,530.70856,4,14
92,162,2042.9925221997196,442.32582956846863,0.0,107.0,16.0,12838,0.0,11,530.70856,4,15
93,163,2170.5582178372874,442.32229269438574,0.0,107.0,16.0,12771,0.0,11,530.70856,4,16
94,164,2298.452901104064,442.3174379453449,0.0,107.0,16.0,12771,0.0,11,530.70856,4,17
95,149,2426.0214091086027,442.30953678474117,0.0,107.0,16.0,12845,0.0,11,530.70856,4,18
96,165,2553.579248238058,442.33617854346124,0.0,107.0,16.0,12770,0.0,11,530.70856,4,19
97,166,2681.472550708748,442.3250841882685,0.0,107.0,16.0,12769,0.0,11,530.70856,4,20
98,150,2809.041501206883,442.3091178073659,0.0,107.0,16.0,12843,0.0,11,530.70856,4,21
99,167,2936.9257788161995,442.3306074766355,0.0,107.0,16.0,12840,0.0,11,530.70856,4,22
100,168,3064.491464369616,442.3274079874706,0.0,107.0,16.0,12770,0.0,11,530.70856,4,23
101,151,3192.056377511291,442.30454757825885,0.0,107.0,16.0,12842,0.0,11,530.70856,4,24
102,169,3319.9461101160346,442.31928977493965,0.0,107.0,16.0,12841,0.0,11,530.70856,4,25
103,170,3447.5124892334193,442.33027953958185,0.0,107.0,16.0,12771,0.0,11,530.70856,4,26
104,171,3575.405481597494,442.3299138606108,0.0,107.0,16.0,12770,0.0,11,530.70856,4,27
105,172,3702.965417867435,442.3193395124231,0.0,107.0,16.0,12839,0.0,11,530.70856,4,28
106,152,3830.953120149022,442.13893200869296,0.0,107.0,16.0,12884,0.0,11,530.70856,4,29
107,181,63.73717998298399,552.9341789774925,0.0,107.0,16.0,12929,0.0,11,530.70856,5,0
108,182,191.5086125900407,552.9028343250861,0.0,107.0,16.0,12772,0.0,11,530.70856,5,1
109,183,319.06806323495056,552.9016431742076,0.0,107.0,16.0,12841,0.0,11,530.70856,5,2
110,184,446.9712639202554,552.8944007476053,0.0,107.0,16.0,12841,0.0,11,530.70856,5,3
111,185,574.5352278064819,552.8933771723814,0.0,107.0,16.0,12774,0.0,11,530.70856,5,4
112,186,702.42366113373,552.9012683996242,0.0,107.0,16.0,12772,0.0,11,530.70856,5,5
113,187,829.9827116268203,552.904290943073,0.0,107.0,16.0,12841,0.0,11,530.70856,5,6
114,188,957.551867219917,552.8895326078447,0.0,107.0,16.0,12773,0.0,11,530.70856,5,7
115,189,1085.4415126839963,552.9022079549013,0.0,107.0,16.0,12772,0.0,11,530.70856,5,8
116,190,1213.0017131287962,552.9067123501012,0.0,107.0,16.0,12842,0.0,11,530.70856,5,9
117,191,1340.5743364910359,552.8987708447506,0.0,107.0,16.0,12773,0.0,11,530.70856,5,10
118,192,1468.463544521889,552.8845641788707,0.0,107.0,16.0,12769,0.0,11,530.70856,5,11
119,193,1596.022272408691,552.9038236897438,0.0,107.0,16.0,12841,0.0,11,530.70856,5,12
120,194,1723.590855711266,552.905816957645,0.0,107.0,16.0,12773,0.0,11,530.70856,5,13
121,195,1851.488843654584,552.8975182024583,0.0,107.0,16.0,12773,0.0,11,530.70856,5,14
122,196,1979.0457129507047,552.9027334319757,0.0,107.0,16.0,12841,0.0,11,530.70856,5,15
123,197,2106.9415245659115,552.9029043058475,0.0,107.0,16.0,12843,0.0,11,530.70856,5,16
124,198,2234.5072418382524,552.8981445236045,0.0,107.0,16.0,12773,0.0,11,530.70856,5,17
125,199,2362.066433021807,552.9061526479751,0.0,107.0,16.0,12840,0.0,11,530.70856,5,18
126,200,2489.9603613425747,552.895101627599,0.0,107.0,16.0,12841,0.0,11,530.70856,5,19
127,201,2617.5286105675145,552.8911154598826,0.0,107.0,16.0,12775,0.0,11,530.70856,5,20
128,202,2745.418806764798,552.9094112120263,0.0,107.0,16.0,12772,0.0,11,530.70856,5,21
129,203,2872.9789736001867,552.902577680866,0.0,107.0,16.0,12841,0.0,11,530.70856,5,22
130,204,3000.5498669171757,552.8938468764678,0.0,107.0,16.0,12774,0.0,11,530.70856,5,23
131,205,3128.440538636186,552.8972833320285,0.0,107.0,16.0,12773,0.0,11,530.70856,5,24
132,206,3255.9996884977804,552.9109882407912,0.0,107.0,16.0,12841,0.0,11,530.70856,5,25
133,207,3383.563375870978,552.8994754560401,0.0,107.0,16.0,12773,0.0,11,530.70856,5,26
134,208,3511.4573285311617,552.8933604760414,0.0,107.0,16.0,12772,0.0,11,530.70856,5,27
135,209,3639.0174441242893,552.9119227474496,0.0,107.0,16.0,12841,0.0,11,530.70856,5,28
136,210,3766.587097784389,552.9045643153527,0.0,107.0,16.0,12773,0.0,11,530.70856,5,29
137,211,3894.927684667908,552.7043761638733,0.0,107.0,16.0,12888,0.0,11,530.70856,5,30
138,218,127.22062144692781,663.4811151779456,0.0,107.0,16.0,12841,0.0,11,530.70856,7,0
139,219,255.456189805027,663.47842768773,0.0,107.0,16.0,12771,0.0,11,530.70856,7,1
140,220,383.0222741433022,663.4820872274144,0.0,107.0,16.0,12840,0.0,11,530.70856,7,2
141,221,510.5768206734534,663.4843382928739,0.0,107.0,16.0,12770,0.0,11,530.70856,7,3
142,222,638.4801910429063,663.4765894143438,0.0,107.0,16.0,12772,0.0,11,530.70856,7,4
143,223,766.0496105919003,663.4827102803738,0.0,107.0,16.0,12840,0.0,11,530.70856,7,5
144,224,893.925,663.477414330218,0.0,107.0,16.0,12840,0.0,11,530.70856,7,6
145,225,1021.4942843720639,663.4833228938303,0.0,107.0,16.0,12772,0.0,11,530.70856,7,7
146,226,1149.07492211838,663.4741433021807,0.0,107.0,16.0,12840,0.0,11,530.70856,7,8
147,227,1276.9472700366073,663.4755043227666,0.0,107.0,16.0,12839,0.0,11,530.70856,7,9
148,228,1404.5158562367865,663.4803069454232,0.0,107.0,16.0,12771,0.0,11,530.70856,7,10
149,229,1532.422016911995,663.4822267460069,0.0,107.0,16.0,12772,0.0,11,530.70856,7,11
150,230,1659.9737498052657,663.4768655553825,0.0,107.0,16.0,12838,0.0,11,530.70856,7,12
151,231,1787.5331610680448,663.4714587737843,0.0,107.0,16.0,12771,0.0,11,530.70856,7,13
152,232,1915.4279674287504,663.4826965236455,0.0,107.0,16.0,12772,0.0,11,530.70856,7,14
153,233,2042.9944704049844,663.4760903426791,0.0,107.0,16.0,12840,0.0,11,530.70856,7,15
154,234,2170.554546166497,663.4804604902498,0.0,107.0,16.0,12769,0.0,11,530.70856,7,16
155,235,2298.4491425886777,663.4794456189805,0.0,107.0,16.0,12771,0.0,11,530.70856,7,17
156,236,2426.021415777587,663.4870337201153,0.0,107.0,16.0,12841,0.0,11,530.70856,7,18
157,237,2553.5768206734533,663.4843382928739,0.0,107.0,16.0,12770,0.0,11,530.70856,7,19
158,238,2681.471067261765,663.4793673165766,0.0,107.0,16.0,12771,0.0,11,530.70856,7,20
159,239,2809.0366822429905,663.4822429906542,0.0,107.0,16.0,12840,0.0,11,530.70856,7,21
160,240,2936.9235202492214,663.4778816199376,0.0,107.0,16.0,12840,0.0,11,530.70856,7,22
161,241,3064.4918559122943,663.4827721221614,0.0,107.0,16.0,12770,0.0,11,530.70856,7,23
162,242,3192.060358255452,663.4750778816199,0.0,107.0,16.0,12840,0.0,11,530.70856,7,24
163,243,3319.9461879915893,663.4755860135504,0.0,107.0,16.0,12841,0.0,11,530.70856,7,25
164,244,3447.5099052540913,663.4783493853262,0.0,107.0,16.0,12771,0.0,11,530.70856,7,26
165,245,3575.4136851170438,663.4789790965317,0.0,107.0,16.0,12773,0.0,11,530.70856,7,27
166,246,3702.965729418179,663.4737907936756,0.0,107.0,16.0,12839,0.0,11,530.70856,7,28
167,247,3830.531673322371,663.4714587737843,0.0,107.0,16.0,12771,0.0,11,530.70856,7,29
168,248,3958.9576854645316,663.4394677806142,0.0,107.0,16.0,12927,0.0,11,530.70856,7,30
169,249,63.73540103642973,774.0978420604841,0.0,107.0,16.0,12929,0.0,11,530.70856,8,0
170,250,191.51080488568743,774.0591136861885,0.0,107.0,16.0,12772,0.0,11,530.70856,8,1
171,251,319.06930384675286,774.061361158698,0.0,107.0,16.0,12842,0.0,11,530.70856,8,2
172,252,446.97141967136514,774.0488279728993,0.0,107.0,16.0,12841,0.0,11,530.70856,8,3
173,253,574.5335108048857,774.0573911681804,0.0,107.0,16.0,12772,0.0,11,530.70856,8,4
174,254,702.416379580332,774.0575477607266,0.0,107.0,16.0,12772,0.0,11,530.70856,8,5
175,255,829.983960133925,774.0563731215448,0.0,107.0,16.0,12843,0.0,11,530.70856,8,6
176,256,957.555433761353,774.0559818352647,0.0,107.0,16.0,12772,0.0,11,530.70856,8,7
177,257,1085.4389728333203,774.0612228920379,0.0,107.0,16.0,12773,0.0,11,530.70856,8,8
178,258,1213.002959040648,774.0605045942999,0.0,107.0,16.0,12842,0.0,11,530.70856,8,9
179,259,1340.5750411023253,774.0541767791435,0.0,107.0,16.0,12773,0.0,11,530.70856,8,10
180,260,1468.4660194174758,774.056999686815,0.0,107.0,16.0,12772,0.0,11,530.70856,8,11
181,261,1596.0200124591186,774.0513938638842,0.0,107.0,16.0,12842,0.0,11,530.70856,8,12
182,262,1723.5946919282862,774.0613011821812,0.0,107.0,16.0,12773,0.0,11,530.70856,8,13
183,263,1851.4882173334377,774.0609097314648,0.0,107.0,16.0,12773,0.0,11,530.70856,8,14
184,264,1979.046803208473,774.0577057861537,0.0,107.0,16.0,12841,0.0,11,530.70856,8,15
185,265,2106.9414375827428,774.0570049061599,0.0,107.0,16.0,12841,0.0,11,530.70856,8,16
186,266,2234.5083763895414,774.0591044308752,0.0,107.0,16.0,12774,0.0,11,530.70856,8,17
187,267,2362.0686083638348,774.0563040261662,0.0,107.0,16.0,12841,0.0,11,530.70856,8,18
188,268,2489.9584923292578,774.0483607195702,0.0,107.0,16.0,12841,0.0,11,530.70856,8,19
189,269,2617.5279887262195,774.0604399906052,0.0,107.0,16.0,12773,0.0,11,530.70856,8,20
190,270,2745.416379580332,774.0575477607266,0.0,107.0,16.0,12772,0.0,11,530.70856,8,21
191,271,2872.980063857955,774.0570827817148,0.0,107.0,16.0,12841,0.0,11,530.70856,8,22
192,272,3000.5471698113206,774.0527675565646,0.0,107.0,16.0,12773,0.0,11,530.70856,8,23
193,273,3128.4381556286207,774.066228276186,0.0,107.0,16.0,12774,0.0,11,530.70856,8,24
194,274,3256.0018690133165,774.0556810217273,0.0,107.0,16.0,12841,0.0,11,530.70856,8,25
195,275,3383.5620449385424,774.0537070382838,0.0,107.0,16.0,12773,0.0,11,530.70856,8,26
196,276,3511.460894073436,774.059813669459,0.0,107.0,16.0,12773,0.0,11,530.70856,8,27
197,277,3639.0196246398255,774.0566155283857,0.0,107.0,16.0,12841,0.0,11,530.70856,8,28
198,278,3766.5837313082284,774.0620057934706,0.0,107.0,16.0,12773,0.0,11,530.70856,8,29
199,279,3894.9010946355097,774.2124058691095,0.0,107.0,16.0,12881,0.0,11,530.70856,8,30
200,285,127.22741433021807,884.6284267912772,0.0,107.0,16.0,12840,0.0,11,530.70856,9,0
201,286,255.4597134132018,884.6339362618432,0.0,107.0,16.0,12771,0.0,11,530.70856,9,1
202,287,383.02445482866045,884.6365264797507,0.0,107.0,16.0,12840,0.0,11,530.70856,9,2
203,288,510.5800642079712,884.634719285882,0.0,107.0,16.0,12771,0.0,11,530.70856,9,3
204,289,638.4784651527017,884.6316366483946,0.0,107.0,16.0,12770,0.0,11,530.70856,9,4
205,290,766.0516355140187,884.6273364485982,0.0,107.0,16.0,12840,0.0,11,530.70856,9,5
206,291,893.9268634628866,884.6327595607135,0.0,107.0,16.0,12839,0.0,11,530.70856,9,6
207,292,1021.4947937054725,884.6350896422141,0.0,107.0,16.0,12773,0.0,11,530.70856,9,7
208,293,1149.072507788162,884.6356697819315,0.0,107.0,16.0,12840,0.0,11,530.70856,9,8
209,294,1276.9486880012457,884.6524955228529,0.0,107.0,16.0,12843,0.0,11,530.70856,9,9
210,295,1404.5133907595928,884.6393108848864,0.0,107.0,16.0,12770,0.0,11,530.70856,9,10
211,296,1532.4161772766424,884.6337013546316,0.0,107.0,16.0,12771,0.0,11,530.70856,9,11
212,297,1659.9711104189378,884.6460052951254,0.0,107.0,16.0,12842,0.0,11,530.70856,9,12
213,298,1787.5297987313024,884.6356018482262,0.0,107.0,16.0,12769,0.0,11,530.70856,9,13
214,299,1915.4288734048384,884.634228450638,0.0,107.0,16.0,12773,0.0,11,530.70856,9,14
215,300,2043.0014798660332,884.6325258976556,0.0,107.0,16.0,12839,0.0,11,530.70856,9,15
216,301,2170.5570869224744,884.6312451057165,0.0,107.0,16.0,12770,0.0,11,530.70856,9,16
217,302,2298.446715214157,884.6334664474199,0.0,107.0,16.0,12771,0.0,11,530.70856,9,17
218,303,2426.019781931464,884.6348130841121,0.0,107.0,16.0,12840,0.0,11,530.70856,9,18
219,304,2553.579013312451,884.6298355520752,0.0,107.0,16.0,12770,0.0,11,530.70856,9,19
220,305,2681.4675019577135,884.6323414252154,0.0,107.0,16.0,12770,0.0,11,530.70856,9,20
221,306,2809.0449271976954,884.6396480573075,0.0,107.0,16.0,12843,0.0,11,530.70856,9,21
222,307,2936.8973460969723,884.6757724336525,0.0,107.0,16.0,12849,0.0,11,530.70856,9,22
223,308,3064.49032965312,884.6358938219404,0.0,107.0,16.0,12771,0.0,11,530.70856,9,23
224,309,3192.0635563517408,884.6320585715398,0.0,107.0,16.0,12839,0.0,11,530.70856,9,24
225,310,3319.944003115265,884.6341121495327,0.0,107.0,16.0,12840,0.0,11,530.70856,9,25
226,311,3447.5072826938135,884.6318715740016,0.0,107.0,16.0,12770,0.0,11,530.70856,9,26
227,312,3575.4065925461946,884.6297369245224,0.0,107.0,16.0,12772,0.0,11,530.70856,9,27
228,313,3702.969010355836,884.650237483454,0.0,107.0,16.0,12843,0.0,11,530.70856,9,28
229,314,3830.8641744548286,884.6398753894081,0.0,107.0,16.0,12840,0.0,11,530.70856,9,29
230,283,3943.371516109903,878.2368056928246,248.0,247.0,246.0,10118,112.37882362794157,5,,9,30
231,315,63.73592202970297,995.2455136138614,0.0,107.0,16.0,12928,0.0,11,530.70856,11,0
232,316,191.50837901331246,995.2235708692248,0.0,107.0,16.0,12770,0.0,11,530.70856,11,1
233,317,319.0717900801993,995.2113213423655,0.0,107.0,16.0,12843,0.0,11,530.70856,11,2
234,318,446.9701759850491,995.213907491045,0.0,107.0,16.0,12842,0.0,11,530.70856,11,3
235,319,574.5299921691465,995.2323414252154,0.0,107.0,16.0,12770,0.0,11,530.70856,11,4
236,320,702.4248023173882,995.215845924998,0.0,107.0,16.0,12773,0.0,11,530.70856,11,5
237,321,829.989644164136,995.2097640738145,0.0,107.0,16.0,12843,0.0,11,530.70856,11,6
238,322,957.550430696946,995.230070477682,0.0,107.0,16.0,12770,0.0,11,530.70856,11,7
239,323,1085.441277795177,995.2121046038209,0.0,107.0,16.0,12772,0.0,11,530.70856,11,8
240,324,1213.0007008254165,995.207755801277,0.0,107.0,16.0,12842,0.0,11,530.70856,11,9
241,325,1340.5738000156605,995.2250411087621,0.0,107.0,16.0,12771,0.0,11,530.70856,11,10
242,326,1468.4677368833202,995.2240407204386,0.0,107.0,16.0,12770,0.0,11,530.70856,11,11
243,327,1596.0282644242,995.2087518492564,0.0,107.0,16.0,12843,0.0,11,530.70856,11,12
244,328,1723.5889445662388,995.2292514876292,0.0,107.0,16.0,12772,0.0,11,530.70856,11,13
245,329,1851.4886070002349,995.2269986688591,0.0,107.0,16.0,12771,0.0,11,530.70856,11,14
246,330,1979.049135648653,995.207755801277,0.0,107.0,16.0,12842,0.0,11,530.70856,11,15
247,331,2106.9377092579616,995.2158374211633,0.0,107.0,16.0,12843,0.0,11,530.70856,11,16
248,332,2234.5035238841033,995.2317149569303,0.0,107.0,16.0,12770,0.0,11,530.70856,11,17
249,333,2362.070939106058,995.2063541504439,0.0,107.0,16.0,12842,0.0,11,530.70856,11,18
250,334,2489.96176608005,995.213907491045,0.0,107.0,16.0,12842,0.0,11,530.70856,11,19
251,335,2617.5225902435204,995.2341241876126,0.0,107.0,16.0,12771,0.0,11,530.70856,11,20
252,336,2745.421905582087,995.2157676348547,0.0,107.0,16.0,12773,0.0,11,530.70856,11,21
253,337,2872.983016516049,995.2044250545341,42.0,117.0,0.0,12836,0.0,9,406.25668,11,22
254,338,3000.5415394252605,995.2327147443426,0.0,107.0,16.0,12771,0.0,11,530.70856,11,23
255,339,3128.436423426245,995.220247416223,0.0,107.0,16.0,12772,0.0,11,530.70856,11,24
256,340,3256.0007008254165,995.207755801277,0.0,107.0,16.0,12842,0.0,11,530.70856,11,25
257,341,3383.565343356041,995.2255109231853,0.0,107.0,16.0,12771,0.0,11,530.70856,11,26
258,342,3511.4607374931497,995.2147498629922,0.0,107.0,16.0,12773,0.0,11,530.70856,11,27
259,343,3639.021959196387,995.2066656284068,0.0,107.0,16.0,12842,0.0,11,530.70856,11,28
260,344,3766.5812387440296,995.2263722496281,0.0,107.0,16.0,12771,0.0,11,530.70856,11,29
261,345,3895.0201113861385,995.1762066831683,0.0,107.0,16.0,12928,0.0,11,530.70856,11,30
262,349,127.12228429546866,1105.9864990689014,0.0,107.0,16.0,12888,0.0,11,530.70856,12,0
263,350,255.4594721591354,1105.7889419688308,0.0,107.0,16.0,12769,0.0,11,530.70856,12,1
264,351,383.0171312879614,1105.8026787104811,0.0,107.0,16.0,12842,0.0,11,530.70856,12,2
265,352,510.58251135118206,1105.7963832785344,0.0,107.0,16.0,12774,0.0,11,530.70856,12,3
266,353,638.4827343199436,1105.787722183071,0.0,107.0,16.0,12771,0.0,11,530.70856,12,4
267,354,766.0402647975078,1105.8018691588786,0.0,107.0,16.0,12840,0.0,11,530.70856,12,5
268,355,893.9338057783661,1105.7963554240323,0.0,107.0,16.0,12841,0.0,11,530.70856,12,6
269,356,1021.4987863127398,1105.7887401143214,0.0,107.0,16.0,12771,0.0,11,530.70856,12,7
270,357,1149.065176763744,1105.8018221460832,0.0,107.0,16.0,12842,0.0,11,530.70856,12,8
271,358,1276.9553807818097,1105.8105435290454,0.0,107.0,16.0,12842,0.0,11,530.70856,12,9
272,359,1404.5155833985905,1105.7848081440877,0.0,107.0,16.0,12770,0.0,11,530.70856,12,10
273,360,1532.4114008300055,1105.7899929527837,0.0,107.0,16.0,12771,0.0,11,530.70856,12,11
274,361,1659.9732128951878,1105.8014327986295,0.0,107.0,16.0,12842,0.0,11,530.70856,12,12
275,362,1787.5319448794237,1105.797447541497,0.0,107.0,16.0,12772,0.0,11,530.70856,12,13
276,363,1915.4321064996084,1105.7933437744714,0.0,107.0,16.0,12770,0.0,11,530.70856,12,14
277,364,2042.998831957639,1105.8014327986295,0.0,107.0,16.0,12842,0.0,11,530.70856,12,15
278,365,2170.559026146861,1105.7982620948803,0.0,107.0,16.0,12774,0.0,11,530.70856,12,16
279,366,2298.448508105568,1105.7896468008457,0.0,107.0,16.0,12769,0.0,11,530.70856,12,17
280,367,2426.010278772777,1105.8096090951565,0.0,107.0,16.0,12842,0.0,11,530.70856,12,18
281,368,2553.581304313787,1105.7915916386128,0.0,107.0,16.0,12773,0.0,11,530.70856,12,19
282,369,2681.4758026624904,1105.7852779953014,0.0,107.0,16.0,12770,0.0,11,530.70856,12,20
283,370,2809.0621693121693,1105.7601929660752,0.0,107.0,16.0,12852,0.0,11,530.70856,12,21
284,371,2936.924017127287,1105.7895679252626,0.0,107.0,16.0,12845,0.0,11,530.70856,12,22
285,372,3064.492678725237,1105.7813013859525,0.0,107.0,16.0,12771,0.0,11,530.70856,12,23
286,373,3192.0515536173193,1105.8064013706098,0.0,107.0,16.0,12841,0.0,11,530.70856,12,24
287,374,3319.9482906315707,1105.8121641616697,0.0,107.0,16.0,12841,0.0,11,530.70856,12,25
288,375,3447.5094753328112,1105.777368833203,0.0,107.0,16.0,12770,0.0,11,530.70856,12,26
289,376,3575.409051757889,1105.7899146503798,0.0,107.0,16.0,12771,0.0,11,530.70856,12,27
290,377,3702.968384986762,1105.8095312256658,0.0,107.0,16.0,12842,0.0,11,530.70856,12,28
291,378,3830.8089003195387,1105.7866884888163,0.0,107.0,16.0,12831,0.0,11,530.70856,12,29
292,381,191.17374036290008,1216.374347792228,0.0,107.0,16.0,12841,0.0,11,530.70856,13,0
293,382,319.0817693326065,1216.3838486099214,0.0,107.0,16.0,12841,0.0,11,530.70856,13,1
294,383,446.9605140186916,1216.38746105919,0.0,107.0,16.0,12840,0.0,11,530.70856,13,2
295,384,574.528191072827,1216.386452623336,0.0,107.0,16.0,12770,0.0,11,530.70856,13,3
296,385,702.4270947533281,1216.3776037588098,0.0,107.0,16.0,12770,0.0,11,530.70856,13,4
297,386,829.9814641744548,1216.3806853582555,0.0,107.0,16.0,12840,0.0,11,530.70856,13,5
298,387,957.5525017618041,1216.3809411948946,0.0,107.0,16.0,12771,0.0,11,530.70856,13,6
299,388,1085.4443661420405,1216.3830553597995,0.0,107.0,16.0,12771,0.0,11,530.70856,13,7
300,389,1213.0044395980995,1216.3840641794532,0.0,107.0,16.0,12839,0.0,11,530.70856,13,8
301,390,1340.5688669642159,1216.3810194972987,0.0,107.0,16.0,12771,0.0,11,530.70856,13,9
302,391,1468.4705974473416,1216.3804713804714,0.0,107.0,16.0,12771,0.0,11,530.70856,13,10
303,392,1596.0349715709947,1216.3775995015187,0.0,107.0,16.0,12839,0.0,11,530.70856,13,11
304,393,1723.5850755618198,1216.3818808237413,0.0,107.0,16.0,12771,0.0,11,530.70856,13,12
305,394,1851.490642862736,1216.3724062328713,0.0,107.0,16.0,12771,0.0,11,530.70856,13,13
306,395,1979.052951253699,1216.3830400249183,0.0,107.0,16.0,12842,0.0,11,530.70856,13,14
307,396,2106.9376898512346,1216.3834410779655,0.0,107.0,16.0,12839,0.0,11,530.70856,13,15
308,397,2234.5021533161066,1216.3806279852793,0.0,107.0,16.0,12771,0.0,11,530.70856,13,16
309,398,2362.07398177712,1216.3774628144226,0.0,108.0,5.0,12841,0.0,11,506.39038,13,17
310,399,2489.9539683775997,1216.3852324947425,0.0,107.0,16.0,12839,0.0,11,530.70856,13,18
311,400,2617.5227877838684,1216.3839467501957,0.0,107.0,16.0,12770,0.0,11,530.70856,13,19
312,401,2745.4193093727977,1216.374677002584,0.0,107.0,16.0,12771,0.0,11,530.70856,13,20
313,402,2872.9779629341224,1216.3823391995015,0.0,107.0,16.0,12842,0.0,11,530.70856,13,21
314,403,3000.545611150262,1216.3879101088403,0.0,107.0,16.0,12771,0.0,11,530.70856,13,22
315,404,3128.4353954581047,1216.3857478465152,0.0,107.0,16.0,12770,0.0,11,530.70856,13,23
316,405,3255.9983643585947,1216.3766648492874,0.0,107.0,16.0,12839,0.0,11,530.70856,13,24
317,406,3383.566674496907,1216.3812544045102,0.0,107.0,16.0,12771,0.0,11,530.70856,13,25
318,407,3511.4673870487823,1216.3792968444131,0.0,107.0,16.0,12771,0.0,11,530.70856,13,26
319,408,3639.027647975078,1216.37492211838,0.0,107.0,16.0,12840,0.0,11,530.70856,13,27
320,409,3766.5822893830255,1216.3780144065142,0.0,107.0,16.0,12772,0.0,11,530.70856,13,28
321,380,3894.9285492629947,1216.1715283165245,0.0,107.0,16.0,12890,0.0,11,530.70856,13,29
322,417,127.14986799192421,1326.8114614070507,0.0,107.0,16.0,12878,0.0,11,530.70856,14,0
323,418,255.45204728724653,1326.9616378297972,0.0,107.0,16.0,12773,0.0,11,530.70856,14,1
324,419,383.01565420560746,1326.9561526479752,0.0,107.0,16.0,12840,0.0,11,530.70856,14,2
325,420,510.59109058169577,1326.9545917169028,0.0,107.0,16.0,12773,0.0,11,530.70856,14,3
326,421,638.4746320075164,1326.959834011901,0.0,107.0,16.0,12772,0.0,11,530.70856,14,4
327,422,766.0346546219142,1326.9585702048128,0.0,107.0,16.0,12841,0.0,11,530.70856,14,5
328,423,893.935991278617,1326.9556922597726,0.0,107.0,16.0,12842,0.0,11,530.70856,14,6
329,424,1021.4965160886244,1326.9531042041806,0.0,107.0,16.0,12773,0.0,11,530.70856,14,7
330,425,1149.055520946893,1326.9614546020869,0.0,107.0,16.0,12842,0.0,11,530.70856,14,8
331,426,1276.9489136360096,1326.9609843470134,0.0,107.0,16.0,12841,0.0,11,530.70856,14,9
332,427,1404.5239959289127,1326.9539653957568,0.0,107.0,16.0,12773,0.0,11,530.70856,14,10
333,428,1532.407532101472,1326.9592076417161,0.0,107.0,16.0,12772,0.0,11,530.70856,14,11
334,429,1659.9740714786265,1326.9604453788056,0.0,107.0,16.0,12843,0.0,11,530.70856,14,12
335,430,1787.539298575231,1326.9606231407547,0.0,107.0,16.0,12774,0.0,11,530.70856,14,13
336,431,1915.4294550579393,1326.9577983088004,0.0,107.0,16.0,12772,0.0,11,530.70856,14,14
337,432,2042.9933027022817,1326.9524180359786,0.0,107.0,16.0,12841,0.0,11,530.70856,14,15
338,433,2170.5569907624863,1326.951933615156,0.0,107.0,16.0,12774,0.0,11,530.70856,14,16
339,434,2298.451926088318,1326.967037269026,0.0,107.0,16.0,12772,0.0,11,530.70856,14,17
340,435,2426.0108255451714,1326.9642523364487,0.0,107.0,16.0,12840,0.0,11,530.70856,14,18
341,436,2553.5829810552686,1326.9514639110694,0.0,107.0,16.0,12774,0.0,11,530.70856,14,19
342,437,2681.473263916073,1326.9551397479058,0.0,107.0,16.0,12773,0.0,11,530.70856,14,20
343,438,2809.032632398754,1326.9628504672896,0.0,107.0,16.0,12840,0.0,11,530.70856,14,21
344,439,2936.926563351764,1326.9517950315396,0.0,107.0,16.0,12841,0.0,11,530.70856,14,22
345,440,3064.493542074364,1326.9546771037183,0.0,107.0,16.0,12775,0.0,11,530.70856,14,23
346,441,3192.0549801417337,1326.9665913869637,0.0,107.0,16.0,12841,0.0,11,530.70856,14,24
347,442,3319.943691588785,1326.9638629283488,0.0,107.0,16.0,12840,0.0,11,530.70856,14,25
348,443,3447.516283074996,1326.9510724909974,0.0,107.0,16.0,12774,0.0,11,530.70856,14,26
349,444,3575.406560714006,1326.9542785563297,0.0,107.0,16.0,12773,0.0,11,530.70856,14,27
350,445,3702.9662825105124,1326.9624669054665,0.0,107.0,16.0,12842,0.0,11,530.70856,14,28
351,446,3830.5293979487983,1326.9564706803415,0.0,107.0,16.0,12773,0.0,11,530.70856,14,29
352,447,3958.964100580271,1326.928665377176,0.0,107.0,16.0,12925,0.0,11,530.70856,14,30
353,448,63.726857938287836,1437.5776042069444,0.0,107.0,16.0,12931,0.0,11,530.70856,16,0
354,449,191.50939702427564,1437.5328112764291,0.0,107.0,16.0,12770,0.0,11,530.70856,16,1
355,450,319.0822365859357,1437.5347714352465,0.0,107.0,16.0,12841,0.0,11,530.70856,16,2
356,451,446.96222447231094,1437.5373471454163,0.0,107.0,16.0,12839,0.0,11,530.70856,16,3
357,452,574.5225902435204,1437.5382507242973,0.0,107.0,16.0,12771,0.0,11,530.70856,16,4
358,453,702.4311775759473,1437.5308487316004,0.0,107.0,16.0,12772,0.0,11,530.70856,16,5
359,454,829.9848119012385,1437.5301814783084,0.0,107.0,16.0,12839,0.0,11,530.70856,16,6
360,455,957.5439242092076,1437.54094895083,0.0,107.0,16.0,12772,0.0,11,530.70856,16,7
361,456,1085.4504737295435,1437.5370761882389,0.0,107.0,16.0,12771,0.0,11,530.70856,16,8
362,457,1213.016122750993,1437.534153750292,0.0,107.0,16.0,12839,0.0,11,530.70856,16,9
363,458,1340.5662829848877,1437.5290893430429,0.0,107.0,16.0,12771,0.0,11,530.70856,16,10
364,459,1468.460695270905,1437.5405574694644,0.0,107.0,16.0,12772,0.0,11,530.70856,16,11
365,460,1596.035046728972,1437.5382398753893,0.0,107.0,16.0,12840,0.0,11,530.70856,16,12
366,461,1723.578733067105,1437.537859212278,0.0,107.0,16.0,12771,0.0,11,530.70856,16,13
367,462,1851.4776072658942,1437.5403225806451,0.0,107.0,16.0,12772,0.0,11,530.70856,16,14
368,463,1979.0585624172572,1437.541935986294,0.0,107.0,16.0,12841,0.0,11,530.70856,16,15
369,464,2106.93527533297,1437.536334605499,0.0,107.0,16.0,12839,0.0,11,530.70856,16,16
370,465,2234.4995693367787,1437.5286978310235,0.0,107.0,16.0,12771,0.0,11,530.70856,16,17
371,466,2362.0693092438282,1437.5343041819174,0.0,107.0,16.0,12841,0.0,11,530.70856,16,18
372,467,2489.962224472311,1437.5373471454163,0.0,107.0,16.0,12839,0.0,11,530.70856,16,19
373,468,2617.5209083790132,1437.5427564604543,0.0,107.0,16.0,12770,0.0,11,530.70856,16,20
374,469,2745.4161446915127,1437.5315533980583,0.0,107.0,16.0,12772,0.0,11,530.70856,16,21
375,470,2872.9833346312594,1437.530488279729,0.0,107.0,16.0,12841,0.0,11,530.70856,16,22
376,471,3000.54283476899,1437.5413469068128,0.0,107.0,16.0,12770,0.0,11,530.70856,16,23
377,472,3128.437475530499,1437.5366063738156,0.0,107.0,16.0,12771,0.0,11,530.70856,16,24
378,473,3256.0116813332297,1437.534459933027,0.0,107.0,16.0,12841,0.0,11,530.70856,16,25
379,474,3383.5655442443226,1437.534142521535,0.0,107.0,16.0,12770,0.0,11,530.70856,16,26
380,475,3511.458617179547,1437.5448281262234,0.0,107.0,16.0,12771,0.0,11,530.70856,16,27
381,476,3639.027496494781,1437.5386353014487,0.0,107.0,16.0,12838,0.0,11,530.70856,16,28
382,477,3766.5781396805514,1437.5327278421546,0.0,107.0,16.0,12772,0.0,11,530.70856,16,29
383,478,3894.908942710759,1437.7125446359262,0.0,107.0,16.0,12882,0.0,11,530.70856,16,30
384,482,127.23516586201526,1548.1194517987853,0.0,107.0,16.0,12842,0.0,11,530.70856,17,0
385,483,255.45423941125813,1548.117904955766,0.0,107.0,16.0,12773,0.0,11,530.70856,17,1
386,484,383.0204018065722,1548.1171157140632,0.0,107.0,16.0,12842,0.0,11,530.70856,17,2
387,485,510.5885530848732,1548.1136078922643,0.0,107.0,16.0,12772,0.0,11,530.70856,17,3
388,486,638.4768243031632,1548.1215941121202,0.0,107.0,16.0,12772,0.0,11,530.70856,17,4
389,487,766.0355084877745,1548.118050147952,0.0,107.0,16.0,12842,0.0,11,530.70856,17,5
390,488,893.9348130841122,1548.1093457943925,0.0,107.0,16.0,12840,0.0,11,530.70856,17,6
391,489,1021.4992562436389,1548.1197056290614,0.0,107.0,16.0,12773,0.0,11,530.70856,17,7
392,490,1149.052951253699,1548.108705809064,0.0,107.0,16.0,12842,0.0,11,530.70856,17,8
393,491,1276.9540570004672,1548.1167263666096,0.0,107.0,16.0,12842,0.0,11,530.70856,17,9
394,492,1404.5214531788288,1548.1129815220795,0.0,107.0,16.0,12772,0.0,11,530.70856,17,10
395,493,1532.405104917006,1548.1073441904166,0.0,107.0,16.0,12772,0.0,11,530.70856,17,11
396,494,1659.973991590095,1548.1090951565177,0.0,107.0,16.0,12842,0.0,11,530.70856,17,12
397,510,1787.5413469068128,1548.1276429130776,0.0,107.0,16.0,12770,0.0,11,530.70856,17,13
398,495,1915.4320388349515,1548.11399937363,0.0,107.0,16.0,12772,0.0,11,530.70856,17,14
399,496,2042.9930701549483,1548.1047263100522,0.0,107.0,16.0,12843,0.0,11,530.70856,17,15
400,497,2170.5580084546737,1548.122201346485,0.0,107.0,16.0,12774,0.0,11,530.70856,17,16
401,498,2298.454239411258,1548.117904955766,0.0,107.0,16.0,12773,0.0,11,530.70856,17,17
402,499,2426.0130052176623,1548.1143991900942,0.0,107.0,16.0,12841,0.0,11,530.70856,17,18
403,500,2553.5775916066395,1548.1143125587223,0.0,107.0,16.0,12772,0.0,11,530.70856,17,19
404,501,2681.4712697667137,1548.1238453107876,0.0,107.0,16.0,12774,0.0,11,530.70856,17,20
405,502,2809.034810373024,1548.1129974301066,0.0,107.0,16.0,12841,0.0,11,530.70856,17,21
406,503,2936.931158009501,1548.1126859278872,0.0,107.0,16.0,12841,0.0,11,530.70856,17,22
407,504,3064.4940108040396,1548.1174352149064,0.0,107.0,16.0,12773,0.0,11,530.70856,17,23
408,505,3192.052565999533,1548.113931936765,0.0,107.0,16.0,12841,0.0,11,530.70856,17,24
409,506,3319.946265867144,1548.1137761856553,0.0,108.0,5.0,12841,0.0,11,506.39038,17,25
410,507,3447.510491700595,1548.1136861885375,0.0,107.0,16.0,12772,0.0,11,530.70856,17,26
411,508,3575.4046817505678,1548.1125812260236,0.0,107.0,16.0,12773,0.0,11,530.70856,17,27
412,509,3702.968071022506,1548.112374425668,0.0,107.0,16.0,12841,0.0,11,530.70856,17,28
413,511,3830.864808036757,1548.1393193676504,0.0,107.0,16.0,12841,0.0,11,530.70856,17,29
414,516,63.7292343387471,1658.7457076566125,0.0,107.0,16.0,12930,0.0,11,530.70856,18,0
415,517,191.5116297282481,1658.6837653692537,0.0,107.0,16.0,12769,0.0,11,530.70856,18,1
416,518,319.07546728971965,1658.6848909657322,0.0,107.0,16.0,12840,0.0,11,530.70856,18,2
417,519,446.96441364273477,1658.7036287182682,0.0,107.0,16.0,12842,0.0,11,530.70856,18,3
418,520,574.525644037272,1658.6922715527367,0.0,107.0,16.0,12771,0.0,11,530.70856,18,4
419,521,702.4309764309764,1658.6830318690784,0.0,107.0,16.0,12771,0.0,11,530.70856,18,5
420,522,829.9823250019466,1658.6992135793819,0.0,107.0,16.0,12843,0.0,11,530.70856,18,6
421,523,957.5460809646856,1658.6917234359096,0.0,107.0,16.0,12771,0.0,11,530.70856,18,7
422,524,1085.4444792482382,1658.6886452623337,0.0,107.0,16.0,12770,0.0,11,530.70856,18,8
423,525,1213.013862928349,1658.7030373831776,0.0,107.0,16.0,12840,0.0,11,530.70856,18,9
424,526,1340.5628817541112,1658.6877838684416,0.0,107.0,16.0,12770,0.0,11,530.70856,18,10
425,527,1468.4624539973377,1658.7003367003367,0.0,107.0,16.0,12771,0.0,11,530.70856,18,11
426,528,1596.0390965732088,1658.6926012461058,0.0,107.0,16.0,12840,0.0,11,530.70856,18,12
427,529,1723.5901010259222,1658.6834521105802,0.0,107.0,16.0,12769,0.0,11,530.70856,18,13
428,530,1851.5746623995005,1658.8557489657326,0.0,107.0,16.0,12811,0.0,11,530.70856,18,14
429,531,1979.0249033255993,1659.0602474864656,0.0,107.0,16.0,12930,0.0,11,530.70856,18,15
430,532,2106.9193348801236,1659.060324825986,0.0,107.0,16.0,12930,0.0,11,530.70856,18,16
431,533,2234.3814352574104,1658.8951638065523,0.0,107.0,16.0,12820,0.0,11,530.70856,18,17
432,534,2362.0706386292836,1658.6929906542057,0.0,107.0,16.0,12840,0.0,11,530.70856,18,18
433,535,2489.95857343093,1658.7056533250272,0.0,107.0,16.0,12842,0.0,11,530.70856,18,19
434,536,2617.523101018011,1658.6882537196554,0.0,107.0,16.0,12770,0.0,11,530.70856,18,20
435,537,2745.4179782319316,1658.6825620546551,0.0,107.0,16.0,12771,0.0,11,530.70856,18,21
436,538,2872.976642790408,1658.7023512924322,0.0,107.0,16.0,12844,0.0,11,530.70856,18,22
437,539,3000.5450274079876,1658.686844166014,0.0,107.0,16.0,12770,0.0,11,530.70856,18,23
438,540,3128.4335160532496,1658.6893500391543,0.0,108.0,5.0,12770,0.0,11,506.39038,18,24
439,541,3256.006929305512,1658.7046091560262,0.0,108.0,5.0,12844,0.0,11,506.39038,18,25
440,542,3383.559348575008,1658.6966802380207,0.0,108.0,5.0,12772,0.0,11,506.39038,18,26
441,543,3511.4563464098346,1658.6928979719678,0.0,108.0,5.0,12771,0.0,11,506.39038,18,27
442,544,3639.025003894688,1658.6914628446798,0.0,107.0,16.0,12838,0.0,11,530.70856,18,28
443,545,3766.5848081440877,1658.6863743148003,0.0,107.0,16.0,12770,0.0,11,530.70856,18,29
444,515,3895.014461371897,1658.6489830639548,0.0,107.0,16.0,12931,0.0,11,530.70856,18,30
445,551,36.242696781173926,1826.044630781715,249.0,248.0,247.0,14788,113.19893992436502,5,,20,0
446,552,127.21531322505801,1769.6513534416088,0.0,107.0,16.0,12930,0.0,11,530.70856,20,1
447,553,255.342643158059,1769.476127320955,0.0,107.0,16.0,12818,0.0,11,530.70856,20,2
448,554,383.02258039398896,1769.26707155649,0.0,107.0,16.0,12843,0.0,11,530.70856,20,3
449,555,510.58358781614595,1769.2822018635973,0.0,107.0,16.0,12771,0.0,11,530.70856,20,4
450,556,638.4743931088489,1769.2805794831636,0.0,107.0,16.0,12770,0.0,11,530.70856,20,5
451,557,766.0379973526435,1769.2680059176205,0.0,107.0,16.0,12843,0.0,11,530.70856,20,6
452,558,893.9345015576324,1769.2890186915888,0.0,107.0,16.0,12840,0.0,11,530.70856,20,7
453,559,1021.50125293657,1769.2814408770555,0.0,107.0,16.0,12770,0.0,11,530.70856,20,8
454,560,1149.0609718112444,1769.2713751752065,0.0,107.0,16.0,12842,0.0,11,530.70856,20,9
455,561,1276.95148352932,1769.285569659684,0.0,107.0,16.0,12841,0.0,11,530.70856,20,10
456,562,1404.5216914643697,1769.2791699295224,0.0,107.0,16.0,12770,0.0,11,530.70856,20,11
457,563,1532.4121515815848,1769.2609614782336,0.0,107.0,16.0,12772,0.0,11,530.70856,20,12
458,564,1660.064586244372,1769.4264089427109,0.0,107.0,16.0,12882,0.0,11,530.70856,20,13
459,565,1787.8489559164734,1769.6558391337974,0.0,107.0,16.0,12930,0.0,11,530.70856,20,14
460,568,2298.001396539685,1769.4782372565753,0.0,107.0,16.0,12889,0.0,11,530.70856,20,15
461,569,2426.0153402896744,1769.2644447905311,0.0,107.0,16.0,12842,0.0,11,530.70856,20,16
462,570,2553.5743031631696,1769.2850767303476,0.0,107.0,16.0,12772,0.0,11,530.70856,20,17
463,571,2681.46953797964,1769.2887235708693,0.0,107.0,16.0,12770,0.0,11,530.70856,20,18
464,572,2809.0379973526433,1769.2680059176205,0.0,107.0,16.0,12843,0.0,11,530.70856,20,19
465,573,2936.927408676688,1769.2864709089492,0.0,107.0,16.0,12839,0.0,11,530.70856,20,20
466,574,3064.493853261295,1769.2832197948478,0.0,107.0,16.0,12771,0.0,11,530.70856,20,21
467,575,3192.0538036284356,1769.268784551896,8.0,109.0,0.0,12843,0.0,10,477.78073,20,22
468,576,3319.9512347121604,1769.2784918594687,20.0,111.0,0.0,12837,0.0,10,456.32352,20,23
469,577,3447.512802443035,1769.2818103515779,0.0,108.0,5.0,12771,0.0,11,506.39038,20,24
470,578,3575.4115712831754,1769.266108196978,0.0,108.0,5.0,12773,0.0,11,506.39038,20,25
471,579,3702.9716510903427,1769.2833333333333,0.0,108.0,5.0,12840,0.0,11,506.39038,20,26
472,580,3830.9558195512072,1769.4396304060874,0.0,107.0,16.0,12879,0.0,11,530.70856,20,27
473,597,176.16318339100346,1874.8703806228373,249.0,248.0,247.0,14450,113.19893992436502,5,,21,0
474,599,319.0532054752146,1880.2234165957775,0.0,107.0,16.0,12931,0.0,11,530.70856,21,1
475,600,446.8489643937631,1880.0569389496548,0.0,107.0,16.0,12891,0.0,11,530.70856,21,2
476,601,574.5315117826666,1879.8574336491035,0.0,107.0,16.0,12773,0.0,11,530.70856,21,3
477,602,702.4254952627045,1879.8567849032966,0.0,107.0,16.0,12771,0.0,11,530.70856,21,4
478,603,829.9837252764366,1879.8596013082074,0.0,107.0,16.0,12842,0.0,11,530.70856,21,5
479,604,957.5485360889306,1879.8533740410207,0.0,107.0,16.0,12774,0.0,11,530.70856,21,6
480,605,1085.4444009397025,1879.847689898199,0.0,107.0,16.0,12770,0.0,11,530.70856,21,7
481,606,1213.0064641744548,1879.858566978193,0.0,107.0,16.0,12840,0.0,11,530.70856,21,8
482,607,1340.5712831754481,1879.8569639082439,0.0,107.0,16.0,12773,0.0,11,530.70856,21,9
483,608,1468.4648030694543,1879.845744264349,0.0,107.0,16.0,12771,0.0,11,530.70856,21,10
484,609,1596.1239906832297,1880.0204192546585,0.0,107.0,16.0,12880,0.0,11,530.70856,21,11
485,598,1739.6423557724447,1875.3619225884083,249.0,248.0,247.0,14959,113.19893992436502,5,,21,12
486,591,2244.414483394834,1854.969003690037,248.0,247.0,246.0,10840,112.37882362794157,5,,21,13
487,610,2362.0635415044385,1879.8646628251051,0.0,107.0,16.0,12842,0.0,11,530.70856,21,14
488,611,2489.9619188536717,1879.8617708901177,0.0,107.0,16.0,12841,0.0,11,530.70856,21,15
489,612,2617.525405151491,1879.8499960854929,0.0,107.0,16.0,12773,0.0,11,530.70856,21,16
490,613,2745.414532926161,1879.8574896249315,0.0,107.0,16.0,12771,0.0,11,530.70856,21,17
491,614,2872.9768727612523,1879.8665316928827,0.0,107.0,16.0,12842,0.0,11,530.70856,21,18
492,615,3000.5473263916074,1879.8485868629139,0.0,107.0,16.0,12773,0.0,11,530.70856,21,19
493,616,3128.437074163991,1879.8450152713604,8.0,109.0,0.0,12769,0.0,10,477.78073,21,20
494,617,3255.9997664097173,1879.8603130109786,8.0,109.0,0.0,12843,0.0,10,477.78073,21,21
495,618,3383.556634050881,1879.8488454011742,8.0,109.0,0.0,12775,0.0,10,477.78073,21,22
496,619,3511.4586954819515,1879.83830553598,8.0,109.0,0.0,12771,0.0,10,477.78073,21,23
497,620,3639.0193925233643,1879.867601246106,0.0,108.0,5.0,12840,0.0,11,506.39038,21,24
498,621,3767.015449111094,1880.0183991926092,0.0,108.0,5.0,12881,0.0,11,506.39038,21,25
499,632,510.45987052492006,1990.644801497543,0.0,107.0,16.0,12821,0.0,11,530.70856,22,0
500,633,638.4771374882556,1990.4354055746946,0.0,107.0,16.0,12772,0.0,11,530.70856,22,1
501,634,766.0510863639903,1990.438828751655,0.0,107.0,16.0,12841,0.0,11,530.70856,22,2
502,635,893.9319314641745,1990.436292834891,0.0,107.0,16.0,12840,0.0,11,530.70856,22,3
503,636,1021.4964372406233,1990.439276485788,0.0,107.0,16.0,12771,0.0,11,530.70856,22,4
504,637,1149.076168224299,1990.4355919003115,0.0,107.0,16.0,12840,0.0,11,530.70856,22,5
505,638,1276.9476635514018,1990.4373831775702,0.0,107.0,16.0,12840,0.0,11,530.70856,22,6
506,639,1404.5237647795786,1990.4300368021297,0.0,107.0,16.0,12771,0.0,11,530.70856,22,7
507,640,1532.5111995629438,1990.6068836338095,0.0,107.0,16.0,12813,0.0,11,530.70856,22,8
508,631,2297.911776076703,1990.4635428748163,0.0,107.0,16.0,12933,0.0,11,530.70856,22,9
509,641,2426.014950942221,1990.4373150599595,0.0,107.0,16.0,12842,0.0,11,530.70856,22,10
510,642,2553.574113225276,1990.4372406232872,0.0,107.0,16.0,12771,0.0,11,530.70856,22,11
511,643,2681.4685615848407,1990.4378670425183,0.0,107.0,16.0,12771,0.0,11,530.70856,22,12
512,644,2809.0432175673573,1990.4358355396355,0.0,107.0,16.0,12842,0.0,11,530.70856,22,13
513,645,2936.9293613707164,1990.4367601246106,0.0,107.0,16.0,12840,0.0,11,530.70856,22,14
514,646,3064.494008927872,1990.4380922546793,0.0,107.0,16.0,12769,0.0,11,530.70856,22,15
515,647,3192.065264797508,1990.4295171339563,0.0,107.0,16.0,12840,0.0,11,530.70856,22,16
516,648,3319.947663551402,1990.4373831775702,0.0,107.0,16.0,12840,0.0,11,530.70856,22,17
517,649,3447.516874168037,1990.4370057160754,8.0,109.0,0.0,12771,0.0,10,477.78073,22,18
518,650,3575.499609740868,1990.6110677489853,8.0,109.0,0.0,12812,0.0,10,477.78073,22,19
519,651,3702.9408444169503,1990.8056758428704,0.0,107.0,16.0,12932,0.0,11,530.70856,22,20
520,671,48.359710026546864,2041.6010822952828,246.0,245.0,244.0,9794,110.74746046749786,5,,23,0
521,654,143.33339044029466,2020.8036662669178,249.0,248.0,247.0,11674,113.19893992436502,5,,23,1
522,684,574.0865585976886,2101.2125184208485,0.0,107.0,16.0,12893,0.0,11,530.70856,23,2
523,685,702.4184608157833,2101.0188679245284,0.0,107.0,16.0,12773,0.0,11,530.70856,23,3
524,686,829.9818535825545,2101.01285046729,0.0,107.0,16.0,12840,0.0,11,530.70856,23,4
525,687,957.5571126595162,2101.0115869412043,0.0,107.0,16.0,12773,0.0,11,530.70856,23,5
526,688,1085.4406514249922,2101.016833698716,0.0,107.0,16.0,12772,0.0,11,530.70856,23,6
527,689,1213.0042052799627,2101.016587493186,0.0,107.0,16.0,12841,0.0,11,530.70856,23,7
528,690,1340.5725358177406,2101.01268300321,0.0,107.0,16.0,12773,0.0,11,530.70856,23,8
529,691,1468.8854902569676,2101.1797997049916,0.0,107.0,16.0,12881,0.0,11,530.70856,23,9
530,692,2361.9470825574176,2101.2128336436995,0.0,107.0,16.0,12888,0.0,11,530.70856,23,10
531,693,2489.9560037377355,2101.012536988008,0.0,107.0,16.0,12842,0.0,11,530.70856,23,11
532,694,2617.5291216533583,2101.0163613590107,0.0,107.0,16.0,12774,0.0,11,530.70856,23,12
533,695,2745.417945505794,2101.024036955841,0.0,107.0,16.0,12772,0.0,11,530.70856,23,13
534,696,2872.9770249221183,2101.0209501557633,0.0,107.0,16.0,12840,0.0,11,530.70856,23,14
535,697,3000.641507961286,2101.164299094599,0.0,107.0,16.0,12812,0.0,11,530.70856,23,15
536,698,3128.415396578538,2101.36734059098,0.0,107.0,16.0,12860,0.0,11,530.70856,23,16
537,699,3255.9826799659786,2101.3874584396503,0.0,107.0,16.0,12933,0.0,11,530.70856,23,17
538,700,3383.5388802488337,2101.3657853810264,0.0,107.0,16.0,12860,0.0,11,530.70856,23,18
539,701,3511.762026295437,2101.3705336426915,0.0,107.0,16.0,12930,0.0,11,530.70856,23,19
540,683,3660.1669881741173,2083.356453912606,249.0,248.0,247.0,11923,113.19893992436502,5,,23,20
541,764,41.01808169639188,2234.2119667954303,248.0,247.0,246.0,12167,112.37882362794157,5,,25,0
542,748,638.0235841737781,2211.7938712179985,0.0,107.0,16.0,12890,0.0,11,530.70856,25,1
543,749,766.048753894081,2211.586214953271,0.0,107.0,16.0,12840,0.0,11,530.70856,25,2
544,750,893.9238258431342,2211.5914011994705,0.0,107.0,16.0,12839,0.0,11,530.70856,25,3
545,751,1021.4889985122543,2211.5954897815363,0.0,107.0,16.0,12771,0.0,11,530.70856,25,4
546,752,1149.0714230080225,2211.589765558065,0.0,107.0,16.0,12839,0.0,11,530.70856,25,5
547,753,1277.0404565926385,2211.7480975306726,0.0,107.0,16.0,12878,0.0,11,530.70856,25,6
548,754,1404.8230334906025,2211.952664552556,0.0,107.0,16.0,12929,0.0,11,530.70856,25,7
549,755,2425.994583301091,2211.914416157239,0.0,107.0,16.0,12923,0.0,11,530.70856,25,8
550,756,2553.5614648938654,2211.9719306430293,0.0,107.0,16.0,12861,0.0,11,530.70856,25,9
551,757,2681.3439669292566,2211.800639575696,0.0,107.0,16.0,12821,0.0,11,530.70856,25,10
552,758,2809.12964831923,2211.750252309603,0.0,107.0,16.0,12881,0.0,11,530.70856,25,11
553,759,2936.9069605568448,2211.9653518948185,0.0,107.0,16.0,12930,0.0,11,530.70856,25,12
554,763,3135.451603498542,2236.925267249757,247.0,246.0,245.0,10290,111.56164215356459,5,,25,13
555,773,3230.694214876033,2235.8138617580767,249.0,248.0,247.0,15972,113.19893992436502,5,,25,14
556,827,353.7645968489342,2349.1271753681394,246.0,245.0,244.0,9711,110.74746046749786,5,,26,0
557,821,558.9785988659228,2346.2610206694712,249.0,248.0,247.0,10934,113.19893992436502,5,,26,1
558,784,702.057317450495,2322.513923267327,0.0,107.0,16.0,12928,0.0,11,530.70856,26,2
559,785,829.9596225247525,2322.514619430693,0.0,107.0,16.0,12928,0.0,11,530.70856,26,3
560,790,957.5302994943602,2322.5277323998444,0.0,107.0,16.0,12855,0.0,11,530.70856,26,4
561,786,1085.4192921042395,2322.4997277324,0.0,107.0,16.0,12855,0.0,11,530.70856,26,5
562,787,1212.9805089334054,2322.5180601748007,0.0,107.0,16.0,12929,0.0,11,530.70856,26,6
563,829,1352.2422907488988,2347.941129355226,247.0,246.0,245.0,9988,111.56164215356459,5,,26,7
564,830,1532.0954218106997,2347.1831275720165,249.0,248.0,247.0,11664,113.19893992436502,5,,26,8
565,838,2497.243929739969,2347.1691062510763,249.0,248.0,247.0,11614,113.19893992436502,5,,26,9
566,789,2745.0907050537885,2322.5292933983437,0.0,107.0,16.0,12921,0.0,11,530.70856,26,10
567,851,3866.429384170077,2350.4962571114884,246.0,245.0,244.0,10019,110.74746046749786,5,,26,11
568,873,568.2523941532259,2431.0148689516127,249.0,248.0,247.0,15872,113.19893992436502,5,,27,0
569,882,3439.119911429058,2432.51260432635,248.0,247.0,246.0,11742,112.37882362794157,5,,27,1
570,912,3873.6068728522337,2436.8637211585665,249.0,248.0,247.0,10185,113.19893992436502,5,,27,2
